{
  "Age": {
    "min": 14.0,
    "max": 103.0,
    "p01": 15.0,
    "p99": 96.0,
    "median": 70.0
  },
  "AG": {
    "min": 2.2,
    "max": 47.0,
    "p01": 3.734,
    "p99": 22.359999999999967,
    "median": 11.7
  },
  "CREA": {
    "min": 35.1,
    "max": 746.0,
    "p01": 38.934,
    "p99": 518.8599999999993,
    "median": 71.5
  },
  "UA": {
    "min": 67.0,
    "max": 918.0,
    "p01": 81.0,
    "p99": 733.2799999999997,
    "median": 296.5
  },
  "RDW": {
    "min": 32.6,
    "max": 79.3,
    "p01": 35.739,
    "p99": 66.29299999999996,
    "median": 45.7
  },
  "PDW": {
    "min": 7.6,
    "max": 25.3,
    "p01": 8.467,
    "p99": 23.865999999999996,
    "median": 13.55
  }
}